rank,website,category,change,avg_visit_duration,pages_per_visit,bounce_rate,vertical,keywords
1,espn.com,Sports > Other Sports,=,00:09:57,3.84,41.37%,sports,"Visit ESPN to get up-to-the-minute sports news coverage, scores, highlights and commentary for NFL, MLB, NBA, College Football, NCAA Basketball and more."
2,cricbuzz.com,Sports > Fantasy Sports,=,00:08:13,4.74,38.53%,sports,"Get Live Cricket Scores, Scorecard, Schedules of International and Domestic cricket matches along with Latest News, Videos and ICC Cricket Rankings of Players on Cricbuzz."
3,marca.com,Sports > Other Sports,-1,00:06:23,3.41,48.70%,sports,"La mejor información deportiva en castellano actualizada minuto a minuto en noticias, vídeos, fotos, retransmisiones y resultados en directo."
4,chapmanganato.com,Sports > Soccer,=,00:21:02,9.42,24.98%,sports,"Manga, Read Manga Online, Read Manga, Manga Online, Manga Scans, Free Manga, Manganato"
5,as.com,Sports > Other Sports,=,00:05:47,2.58,51.96%,sports,"Últimas noticias de deportes en el principal diario deportivo en español.  Noticias y vídeos de fútbol, baloncesto, fórmula 1, retransmisiones en directo, crónicas y estadísticas con AS.com"
6,espncricinfo.com,Sports > Other Sports,-3,00:07:50,3.32,39.47%,sports,"cricket,scores,news,matches,schedule,videos,stats,squads,points table,county cricket,the ashes,west indies v india,tnpl"
7,fifa.com,Sports > Soccer,+54,00:02:51,4.16,49.89%,sports,"The official site of the international governing body of football with news, national associations, competitions, results, fixtures, development, organisation, world rankings, statistics, the International Football Association Board, history, laws of the game, futsal, publications, downloads, and contact details."
8,betman.co.kr,Sports > Baseball,+11,00:07:25,3.04,16.29%,sports,
9,livescore.com,Sports > Soccer,-2,00:06:36,4.77,38.32%,sports,"Get Live Football Scores and Real-Time Football Results with LiveScore! We cover all Countries, Leagues and Competitions in unbeatable detail. Click Now!"
10,kooora.com,Sports > Soccer,+3,00:05:15,3.50,36.29%,sports,كووورة: الموقع العربي الرياضي الأول
11,sports.yahoo.com,Sports > Other Sports,-3,00:02:50,2.05,59.88%,sports,"
.
.
.Yahoo е част от семейството от марки на Yahoo.
.
.
.
.
.
.
.
.
.
.
.
.
.
.
. . . . . .          guce. .
.
.
.Вашата информация, Вашето преживяване.
.
.    Ние, Yahoo, сме част от семейството от марки на .Yahoo..
.
.    С щракването върху „.Приемане на всички.“ се съгласявате, че Yahoo и .нашите партньори. ще обработват личната Ви информация и ще използват технологии, като например бисквитки, за да показват персонализирани реклами и съдържание, както и за измерване на реклами и съдържание, анализи за аудитория и разработка на продукти.
.
.Личната информация, която може да бъде използвана.
.
.Информация за устройството Ви и интернет връзката Ви, например IP адреса Ви.
.Дейности по сърфиране и търсене, докато сте използвали уеб сайтовете и приложенията на Yahoo.
.    Вашето .точно местоположение.
.
.
.    Щракнете върху „.Управление на настройките.“ за повече информация и за да управлявате избора си. Можете да промените предпочитанията си по всяко време, като посетите .своите контроли за поверителност.. Научете повече за това как използваме информацията Ви в нашата .политика за поверителност. и .политика за бисквитки..
.
.
.
.
.
.
.
.
                Приемане на всички
    .
.Управление на настройките.
.
.
.
.
.
.Отиди в края
                    .
.
.
.
.
.
.
.
.
.
.
.
.
"
12,diretta.it,Sports > Other Sports,-3,00:14:15,14.14,31.41%,sports,"risultati in tempo reale, risultati calcio, calcio in diretta, partite, campionato, tempo reale, diretta, live score, goal, calcio live, risultati serie a"
13,goal.com,Sports > Soccer,+7,00:02:08,3.15,60.55%,sports,"The latest football news, live scores, results, rumours, transfers, fixtures, tables and player profiles from around the world, including World Cup."
14,cbssports.com,Sports > Other Sports,-3,00:03:39,2.62,53.49%,sports,"CBS Sports features live scoring, news, stats, and player info for NFL football, MLB baseball, NBA basketball, NHL hockey, college basketball and football."
15,mundodeportivo.com,Sports > Other Sports,-1,00:04:43,2.93,55.10%,sports,"Las noticias del FC Barcelona y del deporte hoy en MD: resultados de fútbol, partidos en directo, Real Madrid, Fórmula 1, motogp, Cristiano, Messi y más."
16,championat.com,Sports > Other Sports,=,00:04:41,2.86,46.95%,sports,"Чемпионат — все самые свежие новости спорта, видео, фото. Чемпионаты мира, Европы. Чемпионаты по футболу, хоккею, баскетболу и др. видам спорта. Календари игр, обзоры матчей и турнирные таблицы. Онлайн трансляции матчей."
17,nfl.com,Sports > American Football,-6,00:04:18,3.42,44.57%,sports,"The official source for NFL News, NFL video highlights, Fantasy Football, game-day coverage, NFL schedules, stats, scores & more."
18,lequipe.fr,Sports > Other Sports,=,00:05:05,3.71,40.36%,sports,"Le sport en direct sur L'Équipe. Les informations, résultats et classements de tous les sports. Directs commentés, images et vidéos à regarder et à partager"
19,depor.com,Sports > Other Sports,+29,00:02:07,2.20,50.61%,sports,"Noticias, Depor, Peru, Mundo, Deportes, Internacional, Tecnologia, Diario, Cultura, Ciencias, Economía, Opinión"
20,sports.ru,Sports > Other Sports,-1,00:05:30,4.70,44.05%,sports,"спорт, футбол, хоккей, баскетбол, теннис, биатлон, бокс, формула-1, F1"
21,sofascore.com,Sports > Other Sports,-5,00:09:19,3.52,57.73%,sports,"Football, livescore, live scores, sofascore, results, sofa score"
22,tycsports.com,Sports > Other Sports,+31,00:04:07,2.75,52.33%,sports,"TyC Sports, TyCSports.com, TyC, noticias, videos, goles, mundial, futbol, primera, ascenso, selecciÃ³n, mundial, tenis, basquet, autos, rugby, polideportivo, copa argentina, messi, superliga, del potro, fixture, boca, river, mercado de pases
"
23,skysports.com,Sports > Other Sports,-4,00:03:31,2.72,52.77%,sports,"Sky, Sports, news, sport, breaking, latest, football, golf, rugby, wwe, boxing, tennis, cricket, England, live, scores, fixtures, results, watch, tv, online, Premier, League, competitions, blogs, transfers, preview, review, Wenger, Arsenal, Manchester, United, City, Chelsea, Liverpool, Benitez, Ancelotti, Mancini, Spurs, Redknapp, Andy, Gray, Martin, Tyler, Georgie, Thompson, Millie, Clode, Soccer, AM, Soccerette, Hayley, McQueen"
24,hupu.com,Sports > Other Sports,-7,00:07:59,7.58,15.94%,sports,"虎扑,NBA,足球,英超,LPL"
25,sportskeeda.com,Sports > Other Sports,-5,00:01:15,2.02,66.48%,sports,"sports news, sports news india, football news, cricket news, tennis news, basketball news, latest sports news, latest sports news india, latest football news, latest cricket news, latest tennis news, latest basketball news, sports news headlines, news update sports, sportskeeda sports editorial, WWE results and rumours, latest cricket scores and updates, sports match schedule"
26,foxsports.com,Sports > Other Sports,+103,00:02:52,2.91,44.57%,sports,"Watch FOX Sports and view live scores, odds, team news, player news, streams, videos, stats, standings & schedules covering NFL, MLB, NASCAR, WWE, NBA, NHL, college sports & more!"
27,bolavip.com,Sports > Other Sports,-1,00:00:38,1.63,44.07%,sports,"Todas las noticias deportivas en Bolavip: Champions League, Copa Libertadores, Copa América, Copa del Mundo, Playoffs de la NBA, National Football League y más. Estadísticas y Resultados EN VIVO."
28,nba.com,Sports > Basketball,+5,00:03:54,3.60,47.92%,sports,"The official site of the National Basketball Association. Follow the action on NBA scores, schedules, stats, news, Team and Player news."
29,gazzetta.it,Sports > Soccer,-7,00:09:17,3.51,44.75%,sports,"gazzetta, gazzetta dello sport, sport news, notizie sportive, notizie di sport, sport, calcio, calciomercato, basket, formula uno, f1, motomondiale, ciclismo, tennis, notizie di calcio, news calciomercato, NBA"
30,ole.com.ar,Sports > Other Sports,-1,00:06:53,3.02,56.97%,sports,"mundial 2022, qatar, futbol, primera, ascenso, selección, mundial, tenis, basquet, autos, rugby, polideportivo, copa argentina, messi, superliga, fixture, boca, river, mercado de pases"
31,varzesh3.com,Sports > Soccer,+4,00:06:06,3.85,34.44%,sports,پایگاه اطلاع رسانی ورزشی برای فارسی زبانان كه اخبار حوزه ورزش (فوتبال،والیبال ،بسكتبال و...)ونتایج بازیها و جداول لیگ های ورزشی را بصورت زنده ارائه می کند
32,sport.es,Sports > Other Sports,-13,00:05:45,3.30,49.49%,sports,"noticias, informaciÃ³n , actualiadad, vÃ­deos, opiniÃ³n, fc barcelona, barsa, barÃ§a, barca, leo messi , messi, real madrid, madrid, liga , baloncesto, deporte, motor"
33,si.com,Sports,=,00:01:21,1.86,70.94%,sports,"Sports Illustrated, SI.com provides sports news, expert analysis, highlights, stats and scores for the NFL, NBA, MLB, NHL, college football, soccer, fantasy, gambling and more"
34,flashscore.com,Sports > Soccer,-3,00:10:37,12.53,35.98%,sports,"Football live scores page on Flashscore.com offers all the latest football results from World Cup 2022 and more than 1000+ football leagues all around the world including EPL, LaLiga, Serie A, Bundesliga, UEFA Champions League and more. Find all today's/tonight's football scores on Flashscore.com.<br />
"
35,kicker.de,Sports > Soccer,-8,00:06:17,4.19,39.96%,sports,Alle News aus dem Fußball und der Welt des Sports
36,wplay.co,Sports > Soccer,-1,00:06:58,4.54,32.71%,sports,"Wplay.co Casa de Apuestas deportivas en Colombia ✅ Regístrate y obtén bono de bienvenida para apuestas online, Aplican TyC | Autoriza Coljuegos."
37,sports.yahoo.co.jp,Sports > Other Sports,-14,00:05:35,3.27,40.52%,sports,"
.
.
.ããç¥ãããæ¬§å·çµæ¸é åï¼EEAï¼ããã³ã¤ã®ãªã¹ãããå©ç¨ã®ãå®¢æ§ã¸ - Yahoo! JAPAN.
.
.
.
.
.
.
.
.
.
.
.
.
.
.
.
.
.
.
.
.
.
.
.
.
.
.
.ãã«ã.
.
.
.
.
.
.
.ã­ã¼ã¯ã¼ãï¼.
.
.æ¤ç´¢.
.
.
.
.
.
.
.
.
.
.
.
.
.
.
.
.
.
.
.
.
.
.
.
.
.
.
.
.-ãã¤ã³ã.
.
.
.
.
.
.
.
.
.
.
.
.
.
.
.
.
.
.
.
.
.JavaScriptãç¡å¹ã«ãªã£ã¦ãã¾ãããã¹ã¦ã®æ©è½ãå©ç¨ããããã«ã¯ãæå¹ã«è¨­å®ãã¦ãã ããã.
.è©³ããã¯ã.JavaScriptã®è¨­å®æ¹æ³.ãããè¦§ãã ããã.
.
.
.
.
.
.
.
.ãç¥ãã.
.
.
.2022å¹´4æ6æ¥ (æ°´) ããYahoo! JAPANã¯æ¬§å·çµæ¸é åï¼EEAï¼ããã³ã¤ã®ãªã¹ãããå©ç¨ããã ããªããªãã¾ãã.
.2022å¹´2æ1æ¥ãããæ¡åã®éã.ãYahoo! JAPANã¯æ¬§å·çµæ¸é åï¼EEAï¼ããã³ã¤ã®ãªã¹ã®ãå®¢æ§ã«ç¶ç¶çãªãµã¼ãã¹å©ç¨ç°å¢ãæä¾ãããã¨ãå°é£ã§ããã¨ã®å¤æ­ãããä»¥ä¸ã®ã2022å¹´4æ6æ¥ (æ°´)ä»¥éããå©ç¨å¯è½ãªãµã¼ãã¹ãã«è¨è¼ã®ãµã¼ãã¹ãé¤ãã2022å¹´4æ6æ¥ (æ°´) ä»¥éEEAããã³ã¤ã®ãªã¹ããã¯ãµã¼ãã¹ããå©ç¨ããã ããªããªãã¾ããã.
.ãªãããå®¢æ§ãæ¥æ¬å½åã§Yahoo! JAPANãµã¼ãã¹ããå©ç¨ã«ãªãå ´åã¯ãå¼ãç¶ãå¨ã¦ã®ãµã¼ãã¹ããå©ç¨ããã ãã¾ãã.
.ãå®¢æ§ã«ã¯ãä¸ä¾¿ãããããããã¾ããã¨ãæ·±ããè©«ã³ãããã¾ãã.
.â»æ¬§å·çµæ¸é åï¼EEAï¼å çå½ã«ã¤ãã¦ã¯.ãã¡ãï¼å¤é¨ãµã¤ãï¼.ããè¦§ãã ããã.
.
.2022å¹´4æ6æ¥ (æ°´) ä»¥éããå®¢æ§ã®å°åãããå©ç¨å¯è½ãªãµã¼ãã¹.
.
.
.Yahoo!ã¡ã¼ã«.
.
.
.PayPayã«ã¼ãï¼æ§Yahoo! JAPANã«ã¼ãï¼.
.
.
.ebookjapan.
.
.
.â»Yahoo!ã¡ã¼ã«ã¯ä¸é¨æ©è½ãå¶éããã¾ããè©³ç´°ã¯.ãã¡ã.ããç¢ºèªãã ããã.
.â»ãå¥ã®IDã§ã­ã°ã¤ã³ãããå¸æã®å ´åã¯ã.ãã¡ã.ããç¢ºèªãã ãããå¥ã®IDã§ã­ã°ã¤ã³å¾ããã®ç»é¢ããè©²å½ãµã¼ãã¹ãã¯ãªãã¯ãã¦ãã ããã.ãã­ã°ã¢ã¦ããããå¸æã®å ´åã¯ã.ãã¡ã.ããç¢ºèªãã ããã.
.â»ãå¥ã®IDã§ã­ã°ã¤ã³ãããå¸æã®å ´åã¯ã.ãã¡ã.ããç¢ºèªãã ãããå¥ã®IDã§ã­ã°ã¤ã³å¾ããã®ç»é¢ããè©²å½ãµã¼ãã¹ãã¯ãªãã¯ãã¦ãã ããã.ãã­ã°ã¢ã¦ããããå¸æã®å ´åã¯ã.ãã¡ã.ããç¢ºèªãã ããã.
.ä»¥ä¸ã®ãããªã±ã¼ã¹ã«è©²å½ãããªã©ããå°ãã®æ¹ã¯.ãã«ã.ããç¢ºèªãã ãã.
.
.
.æ¥æ¬ããã¢ã¯ã»ã¹ãã¦ããã®ã«æ¬ç»é¢ãè¡¨ç¤ºããã.
.
.
.ã­ã°ã¢ã¦ãããã«ã¯.
.
.
.ã­ã°ã¢ã¦ãããã«ã¯.
.
.
.Yahoo! JAPANããã®ã¡ã¼ã«ãæ­¢ããã.
.
.
.ã¢ããªããã®éç¥ãæ­¢ããã.
.
.
.
.
.
.
.From Wednesday, April 6, 2022, Yahoo! JAPAN is no longer available in the EEA and the United Kingdom.
.Please be informed that from Wednesday, April 6, 2022, Yahoo! JAPANâs services are no longer available to our users in the EEA (European Economic Area) and the United Kingdom, as it has been determined by Yahoo! JAPAN that providing a continuous service environment in these regions would be difficult. Please note that services listed under âServices available after Wednesday, April 6, 2022â below will continue to be available..
.Please note that all Yahoo! JAPAN services are accessible after this date if access is made from Japan..
.We sincerely apologize for any inconvenience this may cause and thank you for your understanding..
.*For more information on the member states of the EEA, please click .here...
.
.Services available after Wednesday, April 6, 2022 in your region.
.
.
.Yahoo! JAPAN Mail.
.
.
.PayPay Card (former Yahoo! JAPAN Credit Card).
.
.
.ebookjapan.
.
.
.*Some Yahoo! JAPAN Mail functions will be restricted. Please click .here. for details. (Japanese only).
.
.
.
.
.
.
.
.
.
.
.ä¼ç¤¾æ¦è¦.
.
.
.
.
.ãã©ã¤ãã·ã¼.ããªã·ã¼.
.
.
.è¦ç´.
.
.
.ãã«ã.ã»ãåãåãã.
.
.
.
.
.(C) Yahoo Japan.
.
.
.
.
.
.
.
.
"
38,247sports.com,Sports > Other Sports,+4,00:05:53,4.98,41.88%,sports,"Stay up to date with all the College sports news, recruiting, transfers, and more at 247Sports.com"
39,sports.naver.com,Sports > Other Sports,+19,00:05:32,3.95,33.57%,sports,"스포츠의 모든 것, 네이버 스포츠와 함께 하세요"
40,nikkansports.com,Sports > Other Sports,-6,00:02:19,2.76,51.46%,sports,"日刊スポーツ,ニッカン,nikkansports,スポーツ新聞"
41,yr.no,Sports > Other Sports,-10,00:01:37,2.95,40.20%,sports,"Værvarsel time for time, langtidsvarsel og nedbørkart fra NRK og Meteorologisk institutt."
42,nbcsports.com,Sports > Other Sports,-8,00:02:10,1.93,63.50%,sports,"live, sports, nbc, nfl, nhl, premier, league, scores, schedules, standings, fantasy, stream, live, watch"
43,sport.pl,Sports > Other Sports,+1,00:02:52,2.17,60.16%,sports,Sport na Sport.pl - Wyniki i wiadomości sportowe
44,betplay.com.co,Sports > Soccer,+1,00:16:09,12.63,13.51%,sports,Apuestas deportivas en vivo y en lÃ­nea las 24 hrs. BetPlay es la plataforma de apuestas online mÃ¡s grande de Colombia. Vive la experencia BetPlay.
45,sportbox.ru,Sports > Other Sports,+3,00:05:28,3.69,39.24%,sports,"Sportbox.ru - последние новости спорта, бесплатные прямые трансляции, спортивная статистика и аналитика, видео. Чемпионаты мира и Европы, соревнования по футболу, хоккею и другим популярным видам спорта. Все о спорте на портале Sportbox!"
46,dickssportinggoods.com,Sports > Other Sports,+14,00:03:24,4.35,45.02%,sports,
47,news.sportbox.ru,Sports > Other Sports,+3,00:05:27,3.61,41.72%,sports,"Sportbox.ru - последние новости спорта, бесплатные прямые трансляции, спортивная статистика и аналитика, видео. Чемпионаты мира и Европы, соревнования по футболу, хоккею и другим популярным видам спорта. Все о спорте на портале Sportbox!"
48,sport.cz,Sports > Other Sports,-1,00:03:46,3.10,37.59%,sports,Sport.cz - s námi jste ve hře
49,hochi.news,Sports > Baseball,=,00:00:58,2.05,62.81%,sports,"報知新聞,スポーツ報知,報知,ニュース,速報,新聞,購読案内"
50,sport.interia.pl,Sports > Other Sports,+22,00:03:07,1.97,57.44%,sports,"
.
.
.
. . .
.
.
.
.
.
.
.
.
.
.
.
.Sport w INTERIA.PL - wyniki na żywo i newsy: piłka nożna, skoki, tenis, żużel.
.
. .
.
.
.
.
.
.
.
.
.
.
.
.
.
.
.
.
.
.
.
. . .
.
.
. . . .
.
.
.
.
.
.
.
.
.Reklama.
.
.
. .
.
.
.
.
.
.
.
.Reklama.
.
.
. .
.
.
.
.
.
.
.
.
.
.
.
.
.
.
.
.
.
.
.
.
.
.
.
.
.
.
.
.
.
.
.
.
.
.
. .
.
.
.
.
.
.
.
.
.
"
1,youtube.com,Arts & Entertainment > Streaming & Online TV,=,00:20:59,11.89,20.14%,tv-movies-and-streaming,"video, sharing, camera phone, video phone, free, upload"
2,netflix.com,Arts & Entertainment > Streaming & Online TV,=,00:08:22,4.21,41.17%,tv-movies-and-streaming,"watch movies, movies online, watch TV, TV online, TV shows online, watch TV shows, stream movies, stream tv, instant streaming, watch online, movies, watch movies Bulgaria, watch TV online, no download, full length movies"
3,imdb.com,Arts & Entertainment > Streaming & Online TV,=,00:03:18,4.81,43.73%,tv-movies-and-streaming,"IMDb is the world's most popular and authoritative source for movie, TV and celebrity content. Find ratings and reviews for the newest movie and TV shows. Get personalized recommendations, and learn where to watch across hundreds of streaming providers."
4,miguvideo.com,Arts & Entertainment > Streaming & Online TV,+2,00:03:31,2.02,55.38%,tv-movies-and-streaming,"
.401 Authorization Required.
.
.401 Authorization Required.
.nginx.
.
.
"
5,disneyplus.com,Arts & Entertainment > Streaming & Online TV,+1,00:08:28,4.90,29.59%,tv-movies-and-streaming,"Disney+ is the home for your favorite movies and TV shows from Disney, Pixar, Marvel, Star Wars, and National Geographic. Sign up for Disney+ and start streaming today."
6,hotstar.com,Arts & Entertainment > Streaming & Online TV,-2,00:07:42,4.63,28.97%,tv-movies-and-streaming,"online tv streaming, online television, internet tv, watch tv on internet, Disney+ Hotstar, star player"
7,hbomax.com,Arts & Entertainment > Streaming & Online TV,-1,00:08:55,4.35,37.43%,tv-movies-and-streaming,"HBO Max е мястото за стрийминг на предложения на HBO, Warner Bros., DC, Cartoon Network, както и на ексклузивни HBO и Max Originals продукции, за първи път, събрани на едно място."
8,hulu.com,Arts & Entertainment > Streaming & Online TV,+1,00:14:06,4.65,33.93%,tv-movies-and-streaming,"Watch TV shows and movies online. Stream TV episodes of Grey's Anatomy, This Is Us, Bob's Burgers, Brooklyn Nine-Nine, Empire, SNL, and popular movies on your favorite devices. Start your free trial now. Cancel anytime."
9,primevideo.com,Arts & Entertainment > Streaming & Online TV,-2,00:02:30,2.78,45.21%,tv-movies-and-streaming,"Enjoy exclusive Amazon Originals as well as popular movies and TV shows.  Watch anytime, anywhere. Start your free trial."
10,aparat.com,Arts & Entertainment > Streaming & Online TV,+1,00:07:24,4.82,43.39%,tv-movies-and-streaming,Ø¢Ù¾Ø§Ø±Ø§Øª - Ø³Ø±ÙÛØ³ Ø§Ø´ØªØ±Ø§Ú© ÙÛØ¯ÛÙ. .Ø¨Ø±Ø§Û Ø§Ø¬Ø±Ø§Û Ø§ÛÙ Ø¨Ø±ÙØ§ÙÙ ÙØ·ÙØ§ Ø¬Ø§ÙØ§ Ø§Ø³Ú©Ø±ÛÙ¾Øª Ø¯Ø³ØªÚ¯Ø§Ù Ø®ÙØ¯ Ø±Ø§ ÙØ¹Ø§Ù Ú©ÙÛØ¯
11,nicovideo.jp,Arts & Entertainment > Streaming & Online TV,-2,00:10:38,6.51,39.43%,tv-movies-and-streaming,日本最大級の動画サービス、ニコニコ（niconico）。動画にコメントを付けて楽しむニコニコ動画や、生放送番組にリアルタイムでコメントを付けられるニコニコ生放送のほか、イラスト・マンガ・最新ニュース・ゲームなど、エンターテイメントを全て無料で楽しめる！
12,kinopoisk.ru,Arts & Entertainment > Streaming & Online TV,+2,00:04:09,4.14,46.90%,tv-movies-and-streaming,фильм фильмы поиск кино обои афиша новости обзоры сегодня в кино скоро кассовые сборы кинотеатры актер актеры актриса режиссер сценарист фото фотография постер
13,xfinity.com,Arts & Entertainment > Streaming & Online TV,=,00:06:36,7.02,27.81%,tv-movies-and-streaming,"Save on Xfinity Digital Cable TV, High Speed Internet and Home Phone Services. Enjoy entertainment your way with great deals on Xfinity by Comcast."
14,nhk.or.jp,Arts & Entertainment > Streaming & Online TV,+1,00:02:55,2.73,60.71%,tv-movies-and-streaming,
15,dailymotion.com,Arts & Entertainment > Streaming & Online TV,+1,00:04:27,2.89,57.61%,tv-movies-and-streaming,"The latest news, sports, music and entertainment videos on Dailymotion"
16,tapmad.com,Arts & Entertainment > Streaming & Online TV,-4,00:00:17,2.58,5.55%,tv-movies-and-streaming,
17,programme-tv.net,Arts & Entertainment > Streaming & Online TV,+1,00:02:06,2.29,61.46%,tv-movies-and-streaming,
18,zoro.to,Arts & Entertainment > Streaming & Online TV,+5,00:20:28,6.12,27.35%,tv-movies-and-streaming,"anime to watch, watch anime,anime online, free anime online, online anime, anime streaming, stream anime online, english anime, english dubbed anime"
19,sky.com,Arts & Entertainment > Streaming & Online TV,-3,00:02:52,2.66,52.55%,tv-movies-and-streaming,"Sky Glass, Glass TV, Sky, Sky TV, Sky Broadband, Sky Fibre, Sky Mobile, Sky Entertainment, Sky Sports, Sky Cinema"
20,mediaset.it,Arts & Entertainment > Streaming & Online TV,-4,00:05:49,2.93,45.21%,tv-movies-and-streaming,"Mediaset Infinity: Programmi Mediaset, Canali TV Live, Video Clip e Puntate Intere. Programmi, Fiction, Film, Documentari, Streaming e funzione Restart"
21,nrk.no,Arts & Entertainment > Streaming & Online TV,+5,00:05:49,3.85,37.62%,tv-movies-and-streaming,"NRK.no er Norges stÃ¸rste tilbud pÃ¥ nett: nyheter fra Norge og verden, lokalnyheter, radio- og tv-program, podcast, vÃ¦r, helse-, kultur-, underholdning-, humor- og debattstoff."
22,tenki.jp,Arts & Entertainment > Streaming & Online TV,-7,00:01:55,2.15,55.98%,tv-movies-and-streaming,"天気,天気予報,台風,地震,豪雨,tenki.jp"
23,itv.com,Arts & Entertainment > Streaming & Online TV,+66,00:02:42,2.91,46.39%,tv-movies-and-streaming,"ITVX is the UK’s freshest streaming service, with exclusive new shows, blockbuster films, live events and thousands of boxsets all in one place."
24,peacocktv.com,Arts & Entertainment > Streaming & Online TV,+5,00:13:30,6.06,27.15%,tv-movies-and-streaming,Unavailable In Your Region
25,crunchyroll.com,Arts & Entertainment > Streaming & Online TV,-3,00:13:01,4.89,35.88%,tv-movies-and-streaming,"
.
.
.Just a moment....
.
.
.
.
.
.
.
.
.
.
.
            www.crunchyroll.com
        .
.
            Checking if the site connection is secure
        .
.
.
.
.
.
.
.
                        Enable JavaScript and cookies to continue
                    .
.
.
.
.
.
            www.crunchyroll.com needs to review the security of your connection before proceeding.
        .
.
.
.
.
.
.
.
.
.
.
.Ray ID: .77784cb28f681c33.
.
.Performance & security by .Cloudflare.
.
.
.
.
"
26,fmovies.to,Arts & Entertainment > Streaming & Online TV,-3,00:07:07,3.65,39.13%,tv-movies-and-streaming,"fmovies, fmovie, free movies, online movie, movie online, free movies online, watch movies online free, free hd movies, watch movies online,"
27,rottentomatoes.com,Arts & Entertainment > Streaming & Online TV,-3,00:02:07,2.69,58.15%,tv-movies-and-streaming,"Rotten Tomatoes, home of the Tomatometer, is the most trusted measurement of quality for Movies & TV. The definitive site for Reviews, Trailers, Showtimes, and Tickets"
28,bfmtv.com,Arts & Entertainment > Streaming & Online TV,-3,00:03:15,2.15,73.89%,tv-movies-and-streaming,"BFMTV - 1ère sur l'info. Retrouvez toute l'actualité en direct, en photo et en vidéo sur l'info politique, sociale, économique, sportive et internationale."
29,zdf.de,Arts & Entertainment > Streaming & Online TV,+18,00:02:52,2.82,51.46%,tv-movies-and-streaming,"Fußball-WM Live, ZDFmediathek, ZDF Mediathek, Mediathek, ZDF, Zweites Deutsches Fernsehen, Videos, Livestreams, ZDFneo, ZDFinfo, ZDF-Programm, Sendung verpasst"
30,soap2day.to,Arts & Entertainment > Streaming & Online TV,+1,00:06:50,5.29,30.90%,tv-movies-and-streaming,"
.
.
.Just a moment....
.
.
.
.
.
.
.
.
.
.
.
            soap2day.to
        .
.
            Checking if the site connection is secure
        .
.
.
.
.
.
.
.
                        Enable JavaScript and cookies to continue
                    .
.
.
.
.
.
            soap2day.to needs to review the security of your connection before proceeding.
        .
.
.
.
.
.
.
.
.
.
.
.Ray ID: .77784cca3cf51c2b.
.
.Performance & security by .Cloudflare.
.
.
.
.
"
31,vimeo.com,Arts & Entertainment > Streaming & Online TV,+1,00:03:27,3.63,57.28%,tv-movies-and-streaming,vimeo
32,nos.nl,Arts & Entertainment > Streaming & Online TV,+2,00:05:25,3.57,36.94%,tv-movies-and-streaming,"NOS.nl - Nieuws, Sport en Evenementen op Radio, TV en Internet"
33,waisheph.com,Arts & Entertainment > Streaming & Online TV,-2,00:05:01,2.62,43.74%,tv-movies-and-streaming,empty OK
34,yandex.kz,Arts & Entertainment > Streaming & Online TV,-1,00:08:11,9.08,19.73%,tv-movies-and-streaming,Яндекс
35,orf.at,Arts & Entertainment > Streaming & Online TV,+1,00:05:04,4.91,35.54%,tv-movies-and-streaming,"news.ORF.at: Die aktuellsten Nachrichten auf einen Blick - aus Österreich und der ganzen Welt. In Text, Bild und Video."
36,abema.tv,Arts & Entertainment > Streaming & Online TV,+24,00:04:04,3.08,44.09%,tv-movies-and-streaming,"FIFA ワールドカップ 2022も全試合無料で楽しめる！好きな時間に好きな場所で話題の動画を楽しめる新しい未来のテレビ。ニュースや恋愛番組、アニメ、スポーツなど、多彩な番組をお楽しみいただけます。©AbemaTV, Inc."
37,sky.it,Arts & Entertainment > Streaming & Online TV,-4,00:02:47,3.76,56.36%,tv-movies-and-streaming,"Il mondo di Sky con serie TV, sport, cinema & news. Scopri la fibra ottica per internet ultraveloce e la smart TV Sky Glass disponibile da 43, 55 e 65 pollici."
38,rezka.ag,Arts & Entertainment > Streaming & Online TV,=,00:06:46,3.02,50.44%,tv-movies-and-streaming,"Смотреть фильмы онлайн в HD качестве. Сериалы, мультфильмы, аниме, передачи и ТВ шоу на нашем киносайте, без регистрации и смс. Фильмы в высоком качестве на HDrezka.me"
39,tvn24.pl,Arts & Entertainment > Streaming & Online TV,-1,00:03:13,2.58,56.18%,tv-movies-and-streaming,"Czytaj najnowsze informacje i oglądaj wideo w portalu informacyjnym TVN24! U nas zawsze aktualne wiadomości z kraju, ze świata, relacje na żywo i wiele więcej."
40,voot.com,Arts & Entertainment > Streaming & Online TV,-3,00:04:20,3.59,39.98%,tv-movies-and-streaming,"Voot,Online tv streaming,free streaming,online television,internet tv,watch tv shows on internet,voot,colors,mtv,nick"
41,rutube.ru,Arts & Entertainment > Streaming & Online TV,+1,00:04:20,3.28,52.35%,tv-movies-and-streaming,"Rutube, видео, клипы, сериалы, кино, трейлеры, фильмы, мультфильмы, онлайн, рутьюб, рутуб"
42,tv2.dk,Arts & Entertainment > Streaming & Online TV,+5,00:04:58,3.43,40.25%,tv-movies-and-streaming,"TV 2 er danskernes kilde til aktuelle nyheder, sport, vejr og underholdning. PÃ¥ tv2.dk kan du ogsÃ¥ se TV 2s populÃ¦re programmer og kanaler."
43,dramacool.cr,Arts & Entertainment > Streaming & Online TV,-7,00:09:45,5.09,35.30%,tv-movies-and-streaming,"watch korean drama, watch drama dramacool watch drama english sub"
44,namasha.com,Arts & Entertainment > Streaming & Online TV,+12,00:07:23,4.50,49.15%,tv-movies-and-streaming,ویدیوهای خود را به سادگی و رایگان در نماشا آپلود کرده و با دیگران به اشتراک بگذارید.
45,starplus.com,Arts & Entertainment > Streaming & Online TV,-6,00:08:24,4.58,28.46%,tv-movies-and-streaming,Star+ is not available in your region.
46,paramountplus.com,Arts & Entertainment > Streaming & Online TV,+3,00:05:28,4.01,41.30%,tv-movies-and-streaming,"Watch thousands of episodes of your favorite shows on any device. Paramount+ includes on-demand and live content from CBS, BET, Comedy Central, Nickelodeon, MTV, VH1, Paramount, and more."
47,dr.dk,Arts & Entertainment > Streaming & Online TV,=,00:05:24,3.33,38.63%,tv-movies-and-streaming,Dit Nyhedsoverblik: Breaking news og seneste nyheder - Stream DR’s programmer på DRTV - Hør podcast på DR LYD
48,raiplay.it,Arts & Entertainment > Streaming & Online TV,+27,00:04:43,3.58,39.03%,tv-movies-and-streaming,"I contenuti di RaiPlay sono gratuiti. L'offerta comprende: 14 canali TV RAI in diretta streaming, la Guida Tv per poter rivedere i programmi andati in onda e un vasto catalogo di programmi TV, serie, fiction, film, documentari, concerti, oltre a tutti i programmi di intrattenimento"
49,vidio.com,Arts & Entertainment > Streaming & Online TV,+20,00:04:46,3.57,47.64%,tv-movies-and-streaming,"Vidio, Vidio.com Video"
50,afreecatv.com,Arts & Entertainment > Streaming & Online TV,-3,00:15:52,8.64,20.52%,tv-movies-and-streaming,"Afreeca, AfreecaTV, TV, VOD, Live,Â Realtime, Video, game stream, SC, starcraft, GSL, ASL,Â esports"
1,mediafire.com,Computers Electronics and Technology > File Sharing and Hosting,=,00:03:52,3.35,48.11%,file-sharing-and-hosting,"online storage, free storage, cloud Storage, collaboration, backup file Sharing, share Files, photo backup, photo sharing, ftp replacement, cross platform, remote access, mobile access, send large files, recover files, file versioning, undelete, Windows, PC, Mac, OS X, Linux, iPhone, iPad, Android"
2,imgur.io,Computers Electronics and Technology > File Sharing and Hosting,=,00:03:11,2.45,57.90%,file-sharing-and-hosting, . . . . . . . . . . . . . . . . . . . . . . . . . . . . . . . . . . . . .Menu. . .Get App. . . . . . . . . . . . . . . . . . . . . . . . . . . . . . . . 
3,imgur.com,Computers Electronics and Technology > File Sharing and Hosting,=,00:03:33,4.28,53.19%,file-sharing-and-hosting,"Find, rate and share the best memes and images. Discover the magic of the Internet at Imgur."
4,mega.nz,Computers Electronics and Technology > File Sharing and Hosting,=,00:04:32,4.45,47.16%,file-sharing-and-hosting,MEGA provides free cloud storage with convenient and powerful always-on privacy. Claim your free 20GB now
5,dropbox.com,Computers Electronics and Technology > File Sharing and Hosting,=,00:04:53,6.71,39.59%,file-sharing-and-hosting,Dropbox helps you simplify your workflow. So you can spend more time in your flow.
6,wetransfer.com,Computers Electronics and Technology > File Sharing and Hosting,=,00:02:43,2.32,58.34%,file-sharing-and-hosting,WeTransfer is the simplest way to send your files around the world. Share large files and photos. Transfer up to 2GB free. File sharing made easy!
7,savefrom.net,Computers Electronics and Technology > File Sharing and Hosting,=,00:04:30,3.00,49.92%,file-sharing-and-hosting,"SaveFrom Video Downloader allows to download videos from the Internet in mp4 fast and free. Our downloader provides really easy video download from YouTube, TikTok, Instagram, Facebook, Vimeo, Dailymotion and much more!"
8,yts.mx,Computers Electronics and Technology > File Sharing and Hosting,=,00:03:38,5.24,36.92%,file-sharing-and-hosting,"yts, yify, yify movies, yts movies, yts torrents, yify movies, yify torrents"
9,gofile.io,Computers Electronics and Technology > File Sharing and Hosting,+1,00:04:18,3.98,46.95%,file-sharing-and-hosting,"gofile,download,upload,free,host,storage,share,large,file,video,image,audio,cdn,direct,link"
10,zippyshare.com,Computers Electronics and Technology > File Sharing and Hosting,-1,00:03:44,4.08,48.10%,file-sharing-and-hosting,"
.
.
.
.Zippyshare.com - Free File Hosting.
.
.
.
.
.
.
.
.
.
.
.
.
.
.
.
.
.
.
.
.
.
.
.
.
.
.
.
.
.
.
.
.
.
.
.
.
.
.
.
.(New). Sign Up!. |
                .Username:.
.
.Password:.
.
.
.
.
.Remember Me |.
.Forgot Password?.
.
.
.
.
.
.
.
.
.Upload Files. |
            .F.A.Q. |
            .Upload Tools. |
            .Our Blog. |
            .Contact Us.
.
.
.
.
.English.
.
.Deutsch.
.Nederlands.
.Francais.
.Magyar.
.Lietuvių.
.Polski.
.Português.
.Română.
.Русский.
.Español.
.Svenska.
.Türkçe.
.
.
.
.
.Select Language:  .
.
.
.
.
.
.
.
.
.
.
.Select or Drag & Drop your files for upload. (maximum 500 MB each):.
.
.
.
.Old HTML Uploader.
.
.
.
.Overall Status:.
.
.
.
.
.
.
.
.Estimated Time Remaining: .Uploaded: . / .
.
.
.
.
.
.
.Links.
.Links + names.
.HTML.
.Alt. HTML.
.Forum links.
.Alt. Forum links.
.HTML embed links.
.
.
.
.
.
.
.
.
.
.
.
.
.
.
.
.
.
.
.
.
.
.
.
.
.
.
.
.
.
.100% Free.
.No Download Limits.
.Up to 500MB per File.
.Unlimited Disk Space.
.No Sign Up Required.
.
.
.
.
.
.
.
.Set as Private Upload .
.* By uploading a file You agree to the.Terms and Conditions...
.
.
.
.
.
.
.
.What Zippyshare can offer you?.
.
.
.
.
.To upload a file just follow these simple steps:.
.
.
.Benefits of using Zippyshare:.
.
.
.1). Select a file to send by clicking the ""Browse"" button. You can then select photos, audio, video, documents or anything else you want to send. The maximum file size is 500 MB..2). Click the ""Start Upload"" button to start uploading the file. You will see the progress of the file transfer. Please don't close your browser window while uploading or it will cancel the upload..3). After a succesfull upload you'll receive a unique link to the download site, which you can place anywhere: on your homepage, blog, forum or send it via IM or e-mail to your friends..
.
.
.
.Zippyshare.com is completely free, reliable and popular way to store       files online..
.We offer fast download speeds..
.The maximum filesize for a single file is 500 MB..
.The file can be downloaded at any time and as often as you need it..
.File Life: 30 days after no activity..
.No ridiculous queues!.
.No limits!.
.
.
.
.
.
.
.
.
.
.
.© 2006-2022 Zippyshare.com. All rights reserved..
.Terms and Conditions. .|. .DMCA Policy.
.
.
.
.
.
.
.
.
.
.
.
"
11,box.com,Computers Electronics and Technology > File Sharing and Hosting,=,00:07:04,7.58,26.89%,file-sharing-and-hosting,"file sharing, cloud storage, online file storage, apps, application platform, ECM"
12,rutracker.org,Computers Electronics and Technology > File Sharing and Hosting,+1,00:06:26,6.90,23.92%,file-sharing-and-hosting,Крупнейший русскоязычный битторрент трекер
13,terabox.com,Computers Electronics and Technology > File Sharing and Hosting,-2,00:05:54,6.18,24.50%,file-sharing-and-hosting,"cloud storage,terabox,free cloud storage,share files,file transfer,upload file,best cloud storage,send large files,cloud backup,share files online,online file transfer,cloud drive"
14,rarbg.to,Computers Electronics and Technology > File Sharing and Hosting,+1,00:05:19,9.97,33.17%,file-sharing-and-hosting,
15,watchasian.la,Computers Electronics and Technology > File Sharing and Hosting,=,00:10:43,4.76,34.32%,file-sharing-and-hosting,"watchasian , Korean Dramas , Japan Dramas"
16,1fichier.com,Computers Electronics and Technology > File Sharing and Hosting,+1,00:03:51,2.71,35.68%,file-sharing-and-hosting,"
.
.
.1fichier.com: Cloud Storage.
.
.
.
.
.
.
.
.
.
.
.
.
.
.Our website need cookies to work.
	.Using our services, you accept usage of cookies.
	.For more informations :
	.Legal Mentions, Terms of Services, Privacy Policy.
.I fully accept usage of cookies and the Terms of Services.
.
.
.
.
.
.
.English.
.Français.
.
.Prices.
.Register.
.My Account.
.
.
.
.
.
.Upload progress :.
.
.
.In order for the upload of your files to be correct,.please do not leave this page..
.
.
.
.
.Click here to select the files to send.
.
.
.
.
.Send files over a secure SSL connection :
						.
.
.
.
.Host files on the following domain
						.
.
.1fichier.com.
.alterupload.com.
.cjoint.net.
.desfichiers.com.
.dfichiers.com.
.megadl.fr.
.mesfichiers.org.
.piecejointe.net.
.pjointe.com.
.tenvoi.com.
.dl4free.com.
.
.
.
.
.Receive the notice by email .(optional).
.
.Protect the download by a password .(optional).
.
.Upload to the following registered user .(optional).
.
. Send the download link to contacts.
.
.
.Email addresses  .(optional, 1 per line - 20 max.).
.
. 
            .
.Message  .(optional, 2000 car. max.).
.
.
.
.
.
.
.
					Sending files & using our services implies acceptance of our .Terms of Use..
          .Files can be removed after 15 days without downloads for guests, 30 days for registered users
					.Files of premium users are not subject to this rule.
          .File size is limited to 300GB. Storage capacity is not limited.
				.
.
.
.
.
.
.
.
.
.
.Storage.Store and archive all types of content on high quality secured infrastructures.
.Access.Access your data securely from everywhere.
.Green Power.100% of the energy used for our infrastructures is from renewable sources.
.Groupware.Share your data in a totally secure way with the people of your choice.
.Prices.Packages and features adapted to all needs and all budgets.
.
.
.
.
.
.
.
.Legal & Terms.   
			.Abuse.   
			.Prices.   
			.Resellers.   
			.Help.   
			.Speedtest.   
			.Contact.
.
.   
      .   
			.API.   
      .DStorage SASU © 2009-2022.
.
.
.
.
.
.
"
17,trontv.com,Computers Electronics and Technology > File Sharing and Hosting,=,00:03:47,4.55,15.93%,file-sharing-and-hosting,"Viral,free,videos,movie,previews,video game,reviews,TRON,TronTV,token,crypto,Justin Sun"
18,rapidgator.net,Computers Electronics and Technology > File Sharing and Hosting,=,00:04:59,4.39,29.09%,file-sharing-and-hosting,"file hosting, cloud hosting, safe and secure hosting, file sharing"
19,ckk.ai,Computers Electronics and Technology > File Sharing and Hosting,=,00:02:35,5.35,35.67%,file-sharing-and-hosting,"insurance,healthcare,attorney,medical,lawsuits,business,finance,economics,consultant,consultancy,marketing"
20,1377x.to,Computers Electronics and Technology > File Sharing and Hosting,=,00:05:00,8.72,20.27%,file-sharing-and-hosting,"1377x.to - Download verified torrents: movies, music, games, software | 1337x.org | 1337x.to"
21,thepiratebay.org,Computers Electronics and Technology > File Sharing and Hosting,-1,00:03:53,4.54,23.67%,file-sharing-and-hosting,"mp3, avi, bittorrent, torrent, torrents, movies, music, games, applications, apps, download, upload, share, kopimi, magnets, magnet"
22,utorrent.com,Computers Electronics and Technology > File Sharing and Hosting,-5,00:01:24,1.93,68.50%,file-sharing-and-hosting,"Âµtorrent, utorrent, torrent, torrents, torrent client, torrent downloader, torrent software, utorrent web, utweb, mac torrent, download torrent"
23,katfile.com,Computers Electronics and Technology > File Sharing and Hosting,+2,00:04:12,3.17,30.06%,file-sharing-and-hosting,"online storage, free storage, cloud storage, online backup"
24,anonfiles.com,Computers Electronics and Technology > File Sharing and Hosting,-1,00:02:38,2.63,51.16%,file-sharing-and-hosting,"
.
.
.
.
.
.
.
.
.
.
.
.
.
.
.
.
.
.
.
.
.
.Anonymous File Upload - AnonFiles.
.
.
.
.
.
.
.
.
.
.
.
.
.
.
.
.
.
.
.
.
.
.
.We need your help!.
.
                    Read more here..
.UPDATE: You can now securely donate with your credit card!.
.
.
.
.
.
.
.
.Anonymous File Upload.
.
.
.
.
.
.
.
.Javascript is disabled. For a better experience, enable Javascript..
.
.
.
.
.
.
.
.
.
.
.
.
.
.Upload your files anonymously and free on AnonFiles.
.We offer you 20 GB filesize limit and unlimited bandwidth..
.
.
.
.
.
.
.Developer? Check out our .API.
.
.
.
.
.
.
.Donations:.
            Bitcoin: .bc1qch5p8rg9t88ky5kwect57u0ejws39a4hpz5rkm.
            Monero: .88AW7SHaATAft6nnbrGpFNf7Rq9pWf6umDbUpF9VA9y4abMxyhguroubRcZWyqM6EPGuSamuzWh25GtHY14YGxMBEjRXgzH.
.
.
.
.
.
.
.
.
.
.
.
.
.
.
.
.
.
.
.
.
.
.Login. - .
.Register. - .
.Terms of Use. - .
.API. - .
.FAQ. - .
.Feedback. - .
.REPORT ABUSE.
.
.
.
.
.Visit our friends:
                                                    .filechan.
                                                    - .LetsUpload.
.
.
.
.
.
.
.
.
.
"
25,nocookie.net,Computers Electronics and Technology > File Sharing and Hosting,+1,00:02:16,2.15,70.55%,file-sharing-and-hosting,
26,ibb.co,Computers Electronics and Technology > File Sharing and Hosting,+2,00:02:10,2.49,62.26%,file-sharing-and-hosting,"free image hosting, image uploader, forum image hosting, image upload mod, image host, photo sharing, upload pictures"
27,proxyrarbg.org,Computers Electronics and Technology > File Sharing and Hosting,-1,00:06:57,12.99,18.36%,file-sharing-and-hosting,"Torrents , films , download, RARBG Rarbg Index page"
28,k2s.cc,Computers Electronics and Technology > File Sharing and Hosting,+4,00:05:15,4.41,48.88%,file-sharing-and-hosting,Keep2Share.Welcome to Keep2Share.Check your browser settings. Make sure JavaScript is enabled..If the problem is not solved contact support .https://help.k2s.cc/.Loading...
29,torrentgalaxy.to,Computers Electronics and Technology > File Sharing and Hosting,-1,00:04:57,4.87,32.62%,file-sharing-and-hosting,TorrentGalaxy torrent galaxy magnet movies tv
30,mp3stalkers.com,Computers Electronics and Technology > File Sharing and Hosting,+9,00:01:01,1.82,71.14%,file-sharing-and-hosting,
31,snapinsta.app,Computers Electronics and Technology > File Sharing and Hosting,-3,00:02:53,2.70,44.01%,file-sharing-and-hosting,"
.
.
.Just a moment....
.
.
.
.
.
.
.
.
.
.
.
            snapinsta.app
        .
.
            Checking if the site connection is secure
        .
.
.
.
.
.
.
.
                        Enable JavaScript and cookies to continue
                    .
.
.
.
.
.
            snapinsta.app needs to review the security of your connection before proceeding.
        .
.
.
.
.
.
.
.
.
.
.
.Ray ID: .77784dca8ca50c7b.
.
.Performance & security by .Cloudflare.
.
.
.
.
"
32,pastelink.net,Computers Electronics and Technology > File Sharing and Hosting,+3,00:02:50,2.83,58.25%,file-sharing-and-hosting,Pastelink.net - Anonymously publish text with hyperlinks enabled.
33,readthedocs.io,Computers Electronics and Technology > File Sharing and Hosting,+3,00:04:13,3.06,53.45%,file-sharing-and-hosting,"Read the Docs simplifies technical documentation by automating building, versioning, and hosting for you. Build up-to-date documentation for the web, print, and offline use on every version control push automatically."
34,rutor.info,Computers Electronics and Technology > File Sharing and Hosting,+2,00:05:24,7.03,23.78%,file-sharing-and-hosting,
35,fmmods.com,Computers Electronics and Technology > File Sharing and Hosting,-23,00:02:38,2.58,55.38%,file-sharing-and-hosting,"Discover a world of apps, explanations, tutorials and how-to-use! All in one place! From FMWA to other apps, we've got it all!"
36,yt2mp3.info,Computers Electronics and Technology > File Sharing and Hosting,-12,00:03:03,3.07,55.22%,file-sharing-and-hosting,"youtube,mp3,converter,downloader,online tool,youtube to mp3,320kbps,128kbps,256kbps,192kbps,64kbps,32kbps,high qualty,audio listen and download,youtube video mp3,yt to mp3"
37,oko.sh,Computers Electronics and Technology > File Sharing and Hosting,-1,00:02:47,5.31,30.08%,file-sharing-and-hosting,"insurance,healthcare,attorney,medical,lawsuits,business,finance,economics,consultant,consultancy,marketing"
38,file-upload.com,Computers Electronics and Technology > File Sharing and Hosting,-1,00:02:49,4.17,55.92%,file-sharing-and-hosting," file sharing, file upload, pay per download, fileshare, upload video file, file upload website, file upload site, upload file direct link, file sharing service, file sharing software, ppd sites, best ppd sites, pay per download sites"
39,turbobit.net,Computers Electronics and Technology > File Sharing and Hosting,+1,00:05:55,4.20,29.64%,file-sharing-and-hosting,"Free cloud storage, file cloud, file share, online storage, free file sharing, file sharing sites, secure cloud storage, share files online, Online file storage, file hosting, file server, store files"
40,psa.pm,Computers Electronics and Technology > File Sharing and Hosting,-3,00:03:44,3.13,48.71%,file-sharing-and-hosting,The Official Homepage
41,ufacw.com,Computers Electronics and Technology > File Sharing and Hosting,+2,00:04:29,5.87,12.52%,file-sharing-and-hosting,Home - ufacw.com
42,dl-protect.net,Computers Electronics and Technology > File Sharing and Hosting,=,00:05:18,6.06,6.94%,file-sharing-and-hosting,"
.
.
.
.Protect your links.
.
.
.
.
.
.
.
.
.
.
.
.
.
.
.
.
.
.
.
.
.Raccourcisseur d'URL, Protecteur d'URL.
.Raccourcissez vos URL rapidement et sans inscription nécessaire.
.
.
.
.
.Si vous rencontrez des problèmes pour télécharger, veuillez désactiver votre bloqueur de publicité..
.
.
.
.
.
.
.
.
.Entrez vos URLs dans le champs ci-dessous.
.Une URL par ligne, 20 URL Max.
.Please enable your javascript.
.
.
.Urls :.
.
.
.
.
.
.
.Aucune Protection.
.Captcha.
.Mot de passe.
.
.
.
.
.Mot de passe :.
.
.
.
.
.
.Captcha :.
.
.
.
.
.Générer.
.
.
.
.
.
.
.
.
.
.
.
.
.
.dl-protect.net. © 2020 - L'utilisation de .dl-protect.net. à des fins illégales est interdite..
.
.
.
.
"
43,mexa.sh,Computers Electronics and Technology > File Sharing and Hosting,=,00:06:43,3.74,24.50%,file-sharing-and-hosting,"
.
.
.
. . .
.
.Attention Required! | Cloudflare.
.
.
.
.
.
.
.
.
.
.
.
.
.
.
.Please enable cookies..
.
.
.Sorry, you have been blocked.
.You are unable to access. mexa.sh.
.
.
.
.
.
.
.
.
.
.
.
.Why have I been blocked?.
.This website is using a security service to protect itself from online attacks. The action you just performed triggered the security solution. There are several actions that could trigger this block including submitting a certain word or phrase, a SQL command or malformed data..
.
.
.What can I do to resolve this?.
.You can email the site owner to let them know you were blocked. Please include what you were doing when this page came up and the Cloudflare Ray ID found at the bottom of this page..
.
.
.
.
.
.Cloudflare Ray ID: .77784df42f608ef2.
.•.
.
      Your IP:
      .Click to reveal.
.213.130.92.70.
.•.
.
.Performance & security by. .Cloudflare.
.
.
.
.
.
.
.
.
"
44,pirate-bays.net,Computers Electronics and Technology > File Sharing and Hosting,-11,00:01:43,1.83,67.89%,file-sharing-and-hosting,"The Pirate Bay is the greatest BitTorrent site. Download music, movies, games, software and much more."
45,dytt8.net,Computers Electronics and Technology > File Sharing and Hosting,-13,00:01:32,3.61,27.05%,file-sharing-and-hosting,
46,onlinevideoconverter.pro,Computers Electronics and Technology > File Sharing and Hosting,-9,00:02:06,3.06,35.51%,file-sharing-and-hosting,"Convert online videos to .mp3, .mp4 and other formats in high quality with OVC. 🔥 Online Video Converter doesn't require installation on a PC, conversion takes 3 clicks!"
47,rentry.co,Computers Electronics and Technology > File Sharing and Hosting,+22,00:01:43,3.81,40.01%,file-sharing-and-hosting,"pastebin, markdown, publishing, markdown pastebin, markdown from command line"
48,postimg.cc,Computers Electronics and Technology > File Sharing and Hosting,-10,00:02:39,2.93,57.16%,file-sharing-and-hosting,"free image hosting, forum image hosting, phpbb image mod, phpbb upload mod, image upload mod, image host, sites, forums, picture hosting, photo sharing, image upload"
49,thepiratebay10.org,Computers Electronics and Technology > File Sharing and Hosting,-2,00:04:04,5.56,24.05%,file-sharing-and-hosting,"mp3, avi, bittorrent, torrent, torrents, movies, music, games, applications, apps, download, upload, share, kopimi, magnets, magnet"
50,ddownload.com,Computers Electronics and Technology > File Sharing and Hosting,-4,00:03:33,2.44,64.99%,file-sharing-and-hosting,"file upload,share files,free upload,File hosting, file sharing, file upload, free file sharing, upload files, large file transfer, upload file, send this file, free file hosting, online file storage, sending large files, send large files free, send files, big file transfer, free file transfer,file uploader,free file sharing site, free file upload, file upload site, file sharing free, mp3 upload, upload large files, file share website, upload a file, file hosting sites,free file storage, free upload site, upload files free, large file sharing, file share free,file storage online, online file storage free"
